{
  "val_loss": 3.6201847243734,
  "val_accuracy": 0.5248879681554176,
  "time_per_step": 0.0759830801486969,
  "parameters": 20954368,
  "training_curves": {
    "steps": [
      200,
      400,
      600,
      800,
      1000
    ],
    "train_loss": [
      8.338423728942871,
      6.697458744049072,
      4.337133884429932,
      3.9842753410339355,
      3.6965181827545166
    ],
    "val_loss": [
      8.013245435604322,
      6.2387735090632015,
      4.01651201844096,
      3.7166535386384045,
      3.6201847243734
    ],
    "val_accuracy": [
      0.11604684057680753,
      0.20904265972361305,
      0.4750682205087122,
      0.5176340626877629,
      0.5248879681554176
    ]
  }
}