{
  "dense_baseline": {
    "val_loss": 7.266068030616551,
    "val_accuracy": 0.0691092529541358,
    "time_per_step": 0.0778398892879486,
    "parameters": 20456704,
    "training_curves": {
      "steps": [
        200,
        400,
        600,
        800,
        1000
      ],
      "train_loss": [
        9.070907592773438,
        7.798990726470947,
        7.747677326202393,
        7.704347610473633,
        7.481299877166748
      ],
      "val_loss": [
        8.100879453547895,
        7.451919690893667,
        7.570612538966296,
        7.499797467499727,
        7.266068030616551
      ],
      "val_accuracy": [
        0.063129005607851,
        0.07935171740436611,
        0.06033133887442419,
        0.055846935709993994,
        0.0691092529541358
      ]
    }
  },
  "uniform_sparse": {
    "val_loss": 3.7711480328059257,
    "val_accuracy": 0.5114065942319247,
    "time_per_step": 0.07213146471977235,
    "parameters": 20954368,
    "training_curves": {
      "steps": [
        200,
        400,
        600,
        800,
        1000
      ],
      "train_loss": [
        8.59278678894043,
        7.399609565734863,
        5.842094421386719,
        4.792966842651367,
        3.9925670623779297
      ],
      "val_loss": [
        8.155281727189367,
        6.782669719751054,
        5.343242848299081,
        4.192831208274715,
        3.7711480328059257
      ],
      "val_accuracy": [
        0.11098037252153015,
        0.16566943721209693,
        0.2721810534748648,
        0.44418122872020827,
        0.5114065942319247
      ]
    }
  },
  "aggressive_middle": {
    "val_loss": 3.6201847243734,
    "val_accuracy": 0.5248879681554176,
    "time_per_step": 0.0759830801486969,
    "parameters": 20954368,
    "training_curves": {
      "steps": [
        200,
        400,
        600,
        800,
        1000
      ],
      "train_loss": [
        8.338423728942871,
        6.697458744049072,
        4.337133884429932,
        3.9842753410339355,
        3.6965181827545166
      ],
      "val_loss": [
        8.013245435604322,
        6.2387735090632015,
        4.01651201844096,
        3.7166535386384045,
        3.6201847243734
      ],
      "val_accuracy": [
        0.11604684057680753,
        0.20904265972361305,
        0.4750682205087122,
        0.5176340626877629,
        0.5248879681554176
      ]
    }
  },
  "progressive_sparse": {
    "val_loss": 0.29465838670193395,
    "val_accuracy": 0.9674294011616262,
    "time_per_step": 0.07127503871917724,
    "parameters": 20954368,
    "training_curves": {
      "steps": [
        200,
        400,
        600,
        800,
        1000
      ],
      "train_loss": [
        7.42240047454834,
        0.7376905679702759,
        0.22267818450927734,
        0.18645678460597992,
        0.5291252136230469
      ],
      "val_loss": [
        7.272797661507605,
        0.45933753574942626,
        0.21581707872717457,
        0.16702470869190011,
        0.29465838670193395
      ],
      "val_accuracy": [
        0.20702733827358302,
        0.9506872120969357,
        0.9810985379531344,
        0.9843593530943321,
        0.9674294011616262
      ]
    }
  },
  "dense_to_sparse": {
    "val_loss": 0.21222167646397863,
    "val_accuracy": 0.9789173593030243,
    "time_per_step": 0.07262341809272767,
    "parameters": 20954368,
    "training_curves": {
      "steps": [
        200,
        400,
        600,
        800,
        1000
      ],
      "train_loss": [
        7.563537120819092,
        4.455764293670654,
        0.672161340713501,
        0.2545725405216217,
        0.33185163140296936
      ],
      "val_loss": [
        7.297598873855068,
        3.846181052208138,
        0.3733747628905982,
        0.1912996567682778,
        0.21222167646397863
      ],
      "val_accuracy": [
        0.20344106749449228,
        0.41173267574604444,
        0.9596059483276588,
        0.9837021830562788,
        0.9789173593030243
      ]
    }
  }
}