{
  "val_loss": 7.266068030616551,
  "val_accuracy": 0.0691092529541358,
  "time_per_step": 0.0778398892879486,
  "parameters": 20456704,
  "training_curves": {
    "steps": [
      200,
      400,
      600,
      800,
      1000
    ],
    "train_loss": [
      9.070907592773438,
      7.798990726470947,
      7.747677326202393,
      7.704347610473633,
      7.481299877166748
    ],
    "val_loss": [
      8.100879453547895,
      7.451919690893667,
      7.570612538966296,
      7.499797467499727,
      7.266068030616551
    ],
    "val_accuracy": [
      0.063129005607851,
      0.07935171740436611,
      0.06033133887442419,
      0.055846935709993994,
      0.0691092529541358
    ]
  }
}