{
  "val_loss": 0.21222167646397863,
  "val_accuracy": 0.9789173593030243,
  "time_per_step": 0.07262341809272767,
  "parameters": 20954368,
  "training_curves": {
    "steps": [
      200,
      400,
      600,
      800,
      1000
    ],
    "train_loss": [
      7.563537120819092,
      4.455764293670654,
      0.672161340713501,
      0.2545725405216217,
      0.33185163140296936
    ],
    "val_loss": [
      7.297598873855068,
      3.846181052208138,
      0.3733747628905982,
      0.1912996567682778,
      0.21222167646397863
    ],
    "val_accuracy": [
      0.20344106749449228,
      0.41173267574604444,
      0.9596059483276588,
      0.9837021830562788,
      0.9789173593030243
    ]
  }
}