{
  "val_loss": 0.29465838670193395,
  "val_accuracy": 0.9674294011616262,
  "time_per_step": 0.07127503871917724,
  "parameters": 20954368,
  "training_curves": {
    "steps": [
      200,
      400,
      600,
      800,
      1000
    ],
    "train_loss": [
      7.42240047454834,
      0.7376905679702759,
      0.22267818450927734,
      0.18645678460597992,
      0.5291252136230469
    ],
    "val_loss": [
      7.272797661507605,
      0.45933753574942626,
      0.21581707872717457,
      0.16702470869190011,
      0.29465838670193395
    ],
    "val_accuracy": [
      0.20702733827358302,
      0.9506872120969357,
      0.9810985379531344,
      0.9843593530943321,
      0.9674294011616262
    ]
  }
}