{
  "val_loss": 3.7711480328059257,
  "val_accuracy": 0.5114065942319247,
  "time_per_step": 0.07213146471977235,
  "parameters": 20954368,
  "training_curves": {
    "steps": [
      200,
      400,
      600,
      800,
      1000
    ],
    "train_loss": [
      8.59278678894043,
      7.399609565734863,
      5.842094421386719,
      4.792966842651367,
      3.9925670623779297
    ],
    "val_loss": [
      8.155281727189367,
      6.782669719751054,
      5.343242848299081,
      4.192831208274715,
      3.7711480328059257
    ],
    "val_accuracy": [
      0.11098037252153015,
      0.16566943721209693,
      0.2721810534748648,
      0.44418122872020827,
      0.5114065942319247
    ]
  }
}