{
  "val_loss": 3.3662011212954015,
  "val_accuracy": 0.49511858344394527,
  "time_per_step": 0.17821534204483033,
  "parameters": 20954368,
  "training_curves": {
    "steps": [
      200,
      400,
      600,
      800,
      1000
    ],
    "train_loss": [
      8.253561973571777,
      7.09014892578125,
      6.057245254516602,
      5.616666316986084,
      3.9749374389648438
    ],
    "val_loss": [
      7.2823712899292,
      6.5803623061192775,
      6.042517059502223,
      5.395875174098047,
      3.3662011212954015
    ],
    "val_accuracy": [
      0.11086327566622423,
      0.13894428348989177,
      0.17167916900653463,
      0.23216641725801512,
      0.49511858344394527
    ]
  }
}