{
  "dense_baseline": {
    "val_loss": 5.341912497543232,
    "val_accuracy": 0.20346401495813762,
    "time_per_step": 0.13311352896690368,
    "parameters": 20456704,
    "training_curves": {
      "steps": [
        200,
        400,
        600,
        800,
        1000
      ],
      "train_loss": [
        8.106765747070312,
        6.725199222564697,
        6.247583866119385,
        6.480141639709473,
        5.5474653244018555
      ],
      "val_loss": [
        7.294073791729812,
        6.772826000113913,
        6.331730270814185,
        6.095402346792722,
        5.341912497543232
      ],
      "val_accuracy": [
        0.10674583928936084,
        0.12387646454461916,
        0.14063377450479886,
        0.15199675821931796,
        0.20346401495813762
      ]
    }
  },
  "uniform_sparse": {
    "val_loss": 3.477959523620668,
    "val_accuracy": 0.5000508522437207,
    "time_per_step": 0.19276857399940492,
    "parameters": 20954368,
    "training_curves": {
      "steps": [
        200,
        400,
        600,
        800,
        1000
      ],
      "train_loss": [
        8.263662338256836,
        6.955106258392334,
        5.812235355377197,
        5.202925205230713,
        4.0388264656066895
      ],
      "val_loss": [
        7.317779360388113,
        6.5268147153856315,
        5.728098386936293,
        4.823881522231816,
        3.477959523620668
      ],
      "val_accuracy": [
        0.10300889734786604,
        0.15316875287165613,
        0.2172062854170921,
        0.3068797302557688,
        0.5000508522437207
      ]
    }
  },
  "aggressive_middle": {
    "val_loss": 3.3662011212954015,
    "val_accuracy": 0.49511858344394527,
    "time_per_step": 0.17821534204483033,
    "parameters": 20954368,
    "training_curves": {
      "steps": [
        200,
        400,
        600,
        800,
        1000
      ],
      "train_loss": [
        8.253561973571777,
        7.09014892578125,
        6.057245254516602,
        5.616666316986084,
        3.9749374389648438
      ],
      "val_loss": [
        7.2823712899292,
        6.5803623061192775,
        6.042517059502223,
        5.395875174098047,
        3.3662011212954015
      ],
      "val_accuracy": [
        0.11086327566622423,
        0.13894428348989177,
        0.17167916900653463,
        0.23216641725801512,
        0.49511858344394527
      ]
    }
  },
  "progressive_sparse": {
    "val_loss": 0.03795118693838401,
    "val_accuracy": 0.9989548368261181,
    "time_per_step": 0.18171271920204163,
    "parameters": 20954368,
    "training_curves": {
      "steps": [
        200,
        400,
        600,
        800,
        1000
      ],
      "train_loss": [
        7.902646064758301,
        3.798640727996826,
        0.9744638800621033,
        0.779021680355072,
        0.7162802815437317
      ],
      "val_loss": [
        6.8964676894970225,
        2.1754328575527664,
        0.11691204477645485,
        0.045409229904780656,
        0.03795118693838401
      ],
      "val_accuracy": [
        0.15998933498825813,
        0.5888971005845416,
        0.9863071858408209,
        0.9986804341305902,
        0.9989548368261181
      ]
    }
  },
  "dense_to_sparse": {
    "val_loss": 0.03804103316967801,
    "val_accuracy": 0.998820227945681,
    "time_per_step": 0.20675168585777282,
    "parameters": 20954368,
    "training_curves": {
      "steps": [
        200,
        400,
        600,
        800,
        1000
      ],
      "train_loss": [
        8.244410514831543,
        6.9854888916015625,
        4.8367919921875,
        0.9123089909553528,
        0.8321362137794495
      ],
      "val_loss": [
        7.226876402962614,
        6.456843466911604,
        4.483144462364217,
        0.07015134435932881,
        0.03804103316967801
      ],
      "val_accuracy": [
        0.11805597655452318,
        0.15527981895803553,
        0.3636483832576067,
        0.9910878950122524,
        0.998820227945681
      ]
    }
  }
}