{
  "val_loss": 0.03804103316967801,
  "val_accuracy": 0.998820227945681,
  "time_per_step": 0.20675168585777282,
  "parameters": 20954368,
  "training_curves": {
    "steps": [
      200,
      400,
      600,
      800,
      1000
    ],
    "train_loss": [
      8.244410514831543,
      6.9854888916015625,
      4.8367919921875,
      0.9123089909553528,
      0.8321362137794495
    ],
    "val_loss": [
      7.226876402962614,
      6.456843466911604,
      4.483144462364217,
      0.07015134435932881,
      0.03804103316967801
    ],
    "val_accuracy": [
      0.11805597655452318,
      0.15527981895803553,
      0.3636483832576067,
      0.9910878950122524,
      0.998820227945681
    ]
  }
}