{
  "val_loss": 5.341912497543232,
  "val_accuracy": 0.20346401495813762,
  "time_per_step": 0.13311352896690368,
  "parameters": 20456704,
  "training_curves": {
    "steps": [
      200,
      400,
      600,
      800,
      1000
    ],
    "train_loss": [
      8.106765747070312,
      6.725199222564697,
      6.247583866119385,
      6.480141639709473,
      5.5474653244018555
    ],
    "val_loss": [
      7.294073791729812,
      6.772826000113913,
      6.331730270814185,
      6.095402346792722,
      5.341912497543232
    ],
    "val_accuracy": [
      0.10674583928936084,
      0.12387646454461916,
      0.14063377450479886,
      0.15199675821931796,
      0.20346401495813762
    ]
  }
}