{
  "val_loss": 0.03795118693838401,
  "val_accuracy": 0.9989548368261181,
  "time_per_step": 0.18171271920204163,
  "parameters": 20954368,
  "training_curves": {
    "steps": [
      200,
      400,
      600,
      800,
      1000
    ],
    "train_loss": [
      7.902646064758301,
      3.798640727996826,
      0.9744638800621033,
      0.779021680355072,
      0.7162802815437317
    ],
    "val_loss": [
      6.8964676894970225,
      2.1754328575527664,
      0.11691204477645485,
      0.045409229904780656,
      0.03795118693838401
    ],
    "val_accuracy": [
      0.15998933498825813,
      0.5888971005845416,
      0.9863071858408209,
      0.9986804341305902,
      0.9989548368261181
    ]
  }
}