{
  "val_loss": 3.477959523620668,
  "val_accuracy": 0.5000508522437207,
  "time_per_step": 0.19276857399940492,
  "parameters": 20954368,
  "training_curves": {
    "steps": [
      200,
      400,
      600,
      800,
      1000
    ],
    "train_loss": [
      8.263662338256836,
      6.955106258392334,
      5.812235355377197,
      5.202925205230713,
      4.0388264656066895
    ],
    "val_loss": [
      7.317779360388113,
      6.5268147153856315,
      5.728098386936293,
      4.823881522231816,
      3.477959523620668
    ],
    "val_accuracy": [
      0.10300889734786604,
      0.15316875287165613,
      0.2172062854170921,
      0.3068797302557688,
      0.5000508522437207
    ]
  }
}