{
  "val_loss": 3.2764233952312525,
  "val_accuracy": 0.5528286150482509,
  "time_per_step": 0.0945009205341339,
  "parameters": 20954368,
  "training_curves": {
    "steps": [
      200,
      400,
      600,
      800,
      1000
    ],
    "train_loss": [
      8.007469177246094,
      7.139396667480469,
      5.372182846069336,
      3.7193589210510254,
      3.427415132522583
    ],
    "val_loss": [
      7.275451252150833,
      6.419450158616554,
      4.850341931087308,
      3.4433200561621606,
      3.2764233952312525
    ],
    "val_accuracy": [
      0.10801715797145155,
      0.16445045486529955,
      0.31702195164857255,
      0.533130874296341,
      0.5528286150482509
    ]
  }
}