{
  "dense_baseline": {
    "val_loss": 2.7289402418746302,
    "val_accuracy": 0.5026057373341375,
    "time_per_step": 0.07800496053695678,
    "parameters": 20456704,
    "training_curves": {
      "steps": [
        200,
        400,
        600,
        800,
        1000
      ],
      "train_loss": [
        8.321452140808105,
        7.017525672912598,
        5.935980319976807,
        4.56530237197876,
        3.136134624481201
      ],
      "val_loss": [
        7.336617113549785,
        6.5350554220447306,
        5.821375294291546,
        4.513325730336446,
        2.7289402418746302
      ],
      "val_accuracy": [
        0.10224102834740652,
        0.14422104317450743,
        0.1846351025331725,
        0.2885402530659429,
        0.5026057373341375
      ]
    }
  },
  "uniform_sparse": {
    "val_loss": 2.6671502823133664,
    "val_accuracy": 0.6025747951849618,
    "time_per_step": 0.09143196296691894,
    "parameters": 20954368,
    "training_curves": {
      "steps": [
        200,
        400,
        600,
        800,
        1000
      ],
      "train_loss": [
        7.95698356628418,
        6.646015644073486,
        3.970357894897461,
        3.19765567779541,
        2.704774856567383
      ],
      "val_loss": [
        7.257644577394492,
        6.248257607497218,
        3.5691569339428555,
        3.0655591889562785,
        2.6671502823133664
      ],
      "val_accuracy": [
        0.10861950894652192,
        0.17799667646763168,
        0.5066619860776035,
        0.5710051643546441,
        0.6025747951849618
      ]
    }
  },
  "aggressive_middle": {
    "val_loss": 3.2764233952312525,
    "val_accuracy": 0.5528286150482509,
    "time_per_step": 0.0945009205341339,
    "parameters": 20954368,
    "training_curves": {
      "steps": [
        200,
        400,
        600,
        800,
        1000
      ],
      "train_loss": [
        8.007469177246094,
        7.139396667480469,
        5.372182846069336,
        3.7193589210510254,
        3.427415132522583
      ],
      "val_loss": [
        7.275451252150833,
        6.419450158616554,
        4.850341931087308,
        3.4433200561621606,
        3.2764233952312525
      ],
      "val_accuracy": [
        0.10801715797145155,
        0.16445045486529955,
        0.31702195164857255,
        0.533130874296341,
        0.5528286150482509
      ]
    }
  },
  "progressive_sparse": {
    "val_loss": 0.09545515808394792,
    "val_accuracy": 0.9945387892038601,
    "time_per_step": 0.10427004075050354,
    "parameters": 20954368,
    "training_curves": {
      "steps": [
        200,
        400,
        600,
        800,
        1000
      ],
      "train_loss": [
        7.037657737731934,
        0.4176677167415619,
        0.12198760360479355,
        0.10146460682153702,
        0.1378621906042099
      ],
      "val_loss": [
        6.239012430219416,
        0.1437941785792438,
        0.08106390416478362,
        0.06260309214686888,
        0.09545515808394792
      ],
      "val_accuracy": [
        0.23258679508443908,
        0.988266328659027,
        0.9960505566445517,
        0.9961243780156815,
        0.9945387892038601
      ]
    }
  },
  "dense_to_sparse": {
    "val_loss": 0.09389948251739198,
    "val_accuracy": 0.9954057976477684,
    "time_per_step": 0.10923488306999206,
    "parameters": 20954368,
    "training_curves": {
      "steps": [
        200,
        400,
        600,
        800,
        1000
      ],
      "train_loss": [
        7.415956020355225,
        1.097737193107605,
        0.207890585064888,
        0.1394416242837906,
        0.19626392424106598
      ],
      "val_loss": [
        6.5851921960441855,
        0.3699306589463268,
        0.10478495681530316,
        0.08870255216135287,
        0.09389948251739198
      ],
      "val_accuracy": [
        0.2176049834137515,
        0.9349720107056695,
        0.9957662658323281,
        0.9960112899577804,
        0.9954057976477684
      ]
    }
  }
}