{
  "val_loss": 2.7289402418746302,
  "val_accuracy": 0.5026057373341375,
  "time_per_step": 0.07800496053695678,
  "parameters": 20456704,
  "training_curves": {
    "steps": [
      200,
      400,
      600,
      800,
      1000
    ],
    "train_loss": [
      8.321452140808105,
      7.017525672912598,
      5.935980319976807,
      4.56530237197876,
      3.136134624481201
    ],
    "val_loss": [
      7.336617113549785,
      6.5350554220447306,
      5.821375294291546,
      4.513325730336446,
      2.7289402418746302
    ],
    "val_accuracy": [
      0.10224102834740652,
      0.14422104317450743,
      0.1846351025331725,
      0.2885402530659429,
      0.5026057373341375
    ]
  }
}