{
  "val_loss": 0.09389948251739198,
  "val_accuracy": 0.9954057976477684,
  "time_per_step": 0.10923488306999206,
  "parameters": 20954368,
  "training_curves": {
    "steps": [
      200,
      400,
      600,
      800,
      1000
    ],
    "train_loss": [
      7.415956020355225,
      1.097737193107605,
      0.207890585064888,
      0.1394416242837906,
      0.19626392424106598
    ],
    "val_loss": [
      6.5851921960441855,
      0.3699306589463268,
      0.10478495681530316,
      0.08870255216135287,
      0.09389948251739198
    ],
    "val_accuracy": [
      0.2176049834137515,
      0.9349720107056695,
      0.9957662658323281,
      0.9960112899577804,
      0.9954057976477684
    ]
  }
}