{
  "val_loss": 0.09545515808394792,
  "val_accuracy": 0.9945387892038601,
  "time_per_step": 0.10427004075050354,
  "parameters": 20954368,
  "training_curves": {
    "steps": [
      200,
      400,
      600,
      800,
      1000
    ],
    "train_loss": [
      7.037657737731934,
      0.4176677167415619,
      0.12198760360479355,
      0.10146460682153702,
      0.1378621906042099
    ],
    "val_loss": [
      6.239012430219416,
      0.1437941785792438,
      0.08106390416478362,
      0.06260309214686888,
      0.09545515808394792
    ],
    "val_accuracy": [
      0.23258679508443908,
      0.988266328659027,
      0.9960505566445517,
      0.9961243780156815,
      0.9945387892038601
    ]
  }
}