{
  "val_loss": 2.6671502823133664,
  "val_accuracy": 0.6025747951849618,
  "time_per_step": 0.09143196296691894,
  "parameters": 20954368,
  "training_curves": {
    "steps": [
      200,
      400,
      600,
      800,
      1000
    ],
    "train_loss": [
      7.95698356628418,
      6.646015644073486,
      3.970357894897461,
      3.19765567779541,
      2.704774856567383
    ],
    "val_loss": [
      7.257644577394492,
      6.248257607497218,
      3.5691569339428555,
      3.0655591889562785,
      2.6671502823133664
    ],
    "val_accuracy": [
      0.10861950894652192,
      0.17799667646763168,
      0.5066619860776035,
      0.5710051643546441,
      0.6025747951849618
    ]
  }
}